"StartTime","EndTime","Name"
"00:00:00.000","00:00:00.100","JavaController"
"00:00:00.100","00:00:00.200","JavaService1"
"00:00:00.200","00:00:00.300","JavaService1"
"00:00:00.300","00:00:00.400","JavaService1"
"00:00:00.400","00:00:00.500","JavaService2"
"00:00:00.500","00:00:00.600","JavaService2"
"00:00:00.600","00:00:00.700","JavaDataAccess"
"00:00:00.700","00:00:00.800","SQL"
"00:00:00.800","00:00:00.900","SQL"
"00:00:00.900","00:00:01.000","SQL"
"00:00:01.000","00:00:01.100","SQL"
"00:00:01.100","00:00:01.200","SQL"
"00:00:01.200","00:00:01.300","SQL"
"00:00:01.300","00:00:01.400","SQL"
"00:00:01.400","00:00:01.500","SQL"
"00:00:01.500","00:00:01.600","SQL"
"00:00:01.600","00:00:01.700","JavaDataAccess"
"00:00:01.700","00:00:01.800","JavaDataAccess"
"00:00:01.800","00:00:01.900","JavaDataAccess"
"00:00:01.900","00:00:02.000","JavaDataAccess"
"00:00:02.000","00:00:02.100","JavaDataAccess"
"00:00:02.100","00:00:02.200","JavaDataAccess"
"00:00:02.200","00:00:02.300","JavaDataAccess"
"00:00:02.300","00:00:02.400","JavaDataAccess"
"00:00:02.400","00:00:02.500","JavaDataAccess"
"00:00:02.500","00:00:02.600","JavaDataAccess"
"00:00:02.600","00:00:02.700","JavaService2"
"00:00:02.700","00:00:02.800","JavaService2"
"00:00:02.800","00:00:02.900","JavaService2"
"00:00:02.900","00:00:03.000",
"00:00:03.000","00:00:03.100",
"00:00:03.100","00:00:03.200",
"00:00:03.200","00:00:03.300",
"00:00:03.300","00:00:03.400",
"00:00:03.400","00:00:03.500",
"00:00:03.500","00:00:03.600",
"00:00:03.600","00:00:03.700",
"00:00:03.700","00:00:03.800",
"00:00:03.800","00:00:03.900",
"00:00:03.900","00:00:04.000",
"00:00:04.000","00:00:04.100",
"00:00:04.100","00:00:04.200",
"00:00:04.200","00:00:04.300",
"00:00:04.300","00:00:04.400",
"00:00:04.400","00:00:04.500",
"00:00:04.500","00:00:04.600",
"00:00:04.600","00:00:04.700",
"00:00:04.700","00:00:04.800",
"00:00:04.800","00:00:04.900",
"00:00:04.900","00:00:05.000",
"00:00:05.000","00:00:05.100",
"00:00:05.100","00:00:05.200",
"00:00:05.200","00:00:05.300",
"00:00:05.300","00:00:05.400",
"00:00:05.400","00:00:05.500",
"00:00:05.500","00:00:05.600",
"00:00:05.600","00:00:05.700",
"00:00:05.700","00:00:05.800",
"00:00:05.800","00:00:05.900",
"00:00:05.900","00:00:06.000",
"00:00:06.000","00:00:06.100",
"00:00:06.100","00:00:06.200",
"00:00:06.200","00:00:06.300",
"00:00:06.300","00:00:06.400",
"00:00:06.400","00:00:06.500",
"00:00:06.500","00:00:06.600",
"00:00:06.600","00:00:06.700",
"00:00:06.700","00:00:06.800",
"00:00:06.800","00:00:06.900",
"00:00:06.900","00:00:07.000",
"00:00:07.000","00:00:07.100",
"00:00:07.100","00:00:07.200",
"00:00:07.200","00:00:07.300",
"00:00:07.300","00:00:07.400",
"00:00:07.400","00:00:07.500",
"00:00:07.500","00:00:07.600",
"00:00:07.600","00:00:07.700",
"00:00:07.700","00:00:07.800",
"00:00:07.800","00:00:07.900",
"00:00:07.900","00:00:08.000",
"00:00:08.000","00:00:08.100",
"00:00:08.100","00:00:08.200",
"00:00:08.200","00:00:08.300",
"00:00:08.300","00:00:08.400",
"00:00:08.400","00:00:08.500",
"00:00:08.500","00:00:08.600",
"00:00:08.600","00:00:08.700",
"00:00:08.700","00:00:08.800",
"00:00:08.800","00:00:08.900",
"00:00:08.900","00:00:09.000",
"00:00:09.000","00:00:09.100",
"00:00:09.100","00:00:09.200",
"00:00:09.200","00:00:09.300",
"00:00:09.300","00:00:09.400",
"00:00:09.400","00:00:09.500",
"00:00:09.500","00:00:09.600",
"00:00:09.600","00:00:09.700",
"00:00:09.700","00:00:09.800",
"00:00:09.800","00:00:09.900",
"00:00:09.900","00:00:10.000",
